,0,1,2,3,4
0,0.0048964117,-0.0042610397,0.0021186408,0.0028883873,-0.0030361123
1,-0.004156322,0.0053701443,-0.0049853963,-0.004133367,0.00167463
2,0.003300234,-0.0043122456,0.0032899615,0.0037571506,-0.0026419123
3,-0.0038207923,0.0026311178,-0.0023648115,-0.0028345922,0.0016263664
4,0.0028633915,-0.0028076514,0.0016415613,0.0033480783,-0.0030551269
5,0.0027543379,-0.0021773123,0.001795803,0.002542177,-0.0019628934
6,-0.004064699,0.0034508721,-0.002259061,-0.0020599847,0.001684417
7,0.0021504925,-0.0028022106,0.0021122661,0.0020376144,-0.0025383167
8,0.0026057158,-0.002671491,0.0036742713,0.002696562,-0.0035309738
9,0.0039190385,-0.003125185,0.00243881,0.0027477527,-0.0012073546
10,0.0022733603,-0.003582546,0.0025579517,0.0023617672,-0.0018855496
11,0.004053918,-0.0019927244,0.0017800796,0.0028598057,-0.0017436829
12,0.003014496,-0.0018368898,0.0027010485,0.0016926879,-0.0021039494
13,0.0035435455,-0.0040187105,0.004129093,0.0034210128,-0.0026803801
14,-0.0023614075,0.0019814845,-0.0031114148,-0.0018446138,0.0014330862
15,0.0043260143,-0.003383479,0.0022580542,0.0018126498,-0.001953057
16,0.0008493997,-0.004396535,0.0014243597,0.0019265945,-0.0015030376
17,0.005392469,-0.005007297,0.0034474507,0.0026887981,-0.0030274892
18,0.0017818031,-0.0017954925,0.0020971678,0.0032022316,-0.001197882
19,0.004393078,-0.004637312,0.0018600882,0.0018658813,-0.0023726204
20,-0.0007410287,0.0016732984,-0.000959523,-0.001720484,0.0032534641
21,0.004077027,-0.004324308,0.0026195594,0.0030960224,-0.0020461003
22,0.004769007,-0.0016898643,0.0019267417,0.0037341872,-0.0017127123
23,-0.005489006,0.0032807828,-0.0032413693,-0.0031377058,0.0033017064
24,0.004615085,-0.0032562201,0.001465228,0.002631095,-0.0021094508
25,0.005549013,-0.0034891032,0.004030642,0.002390754,-0.0028346474
26,0.00090747303,-0.002520321,0.0021913287,0.0010832178,6.9930196e-05
27,0.006821783,-0.006868602,0.004032908,0.0050915075,-0.003292228
28,0.004376708,-0.0041197645,0.0033570183,0.0027340502,-0.002622055
29,0.0047820453,-0.0025445952,0.0011590141,0.00094736833,-0.0020570718
30,0.0013269638,-0.00083979813,0.000989499,0.002791786,-0.000147155
31,0.0055168136,-0.0035228669,0.0025449167,0.0028823523,-0.002316157
32,0.003463263,-0.003964876,0.0013440297,0.0035575274,-0.0023461196
33,-0.0013800624,-0.00043482275,-0.0011623701,0.00024589608,-0.00022786573
34,0.003949387,-0.0025457519,0.0034831616,0.002288795,-0.0012798136
35,0.00304926,-0.0030585586,0.003616509,0.004510835,-0.0031450232
36,0.00294043,-0.0018588351,0.002262625,0.0019103147,-0.0011887143
37,0.002067481,-0.0036793225,0.0014789717,0.002512839,-0.0022016335
38,0.0059799594,-0.0021967916,0.0026064876,0.001387294,-0.0018662484
39,0.007256121,-0.0054546087,0.0021096792,0.0045860503,-0.0027278205
40,0.00012985789,-0.0016172288,0.0009844038,0.0008664832,-0.00021275424
41,0.0037494788,-0.0025623771,0.0027139976,0.0033680692,-0.0016763752
42,0.002784241,-0.0024092349,0.0009820976,0.0024899775,-0.0015680247
43,0.004376789,-0.004088785,0.0033268987,0.0007883341,-0.0014739807
44,0.0021177682,-0.001955054,0.000826168,0.0017026061,-0.0015400152
45,-0.0039403746,0.002879228,-0.0024251963,-0.0024787704,0.0029591671
46,0.0023975957,-0.0020058153,0.002173015,0.0033780232,-0.0018768514
47,0.0020562708,-0.0022365144,-0.0010070034,0.0014711316,-0.00015101963
48,0.004649878,-0.0034282687,0.0017466594,0.0014949285,-0.0021485367
49,0.0022257003,-0.004672158,0.0022842577,0.0031063524,-0.0019044154
50,0.002393218,-0.00095751556,0.0015680694,0.0015797808,-0.00017095836
51,0.0058290623,-0.004717515,0.0033439572,0.0037778444,-0.00334409
52,0.0030595022,-0.0020214412,0.0026770523,0.002869948,-0.0022582535
53,0.002985655,-0.004064335,0.0028456107,0.0030031085,-0.00085750653
54,0.0044801547,-0.003042383,0.002536089,0.0022169468,-0.002386458
55,0.0058821873,-0.0057995007,0.0037464073,0.0030775978,-0.0026746355
56,0.005212749,-0.0040539447,0.0029206,0.0036210115,-0.0025587645
57,-0.0028142934,0.00070359476,-0.0010860737,-0.0028709976,0.00015267664
58,0.004487289,-0.004063229,0.0018590632,0.0036786087,-0.0027017996
59,0.003166275,-0.0027434041,0.0011056763,0.002587441,-0.0035669818
60,0.0051152096,-0.002225564,0.005519288,0.0032571864,-0.0024874334
61,0.004425152,-0.0029374955,0.0024874622,0.00046313985,-0.0015107233
62,0.001251955,-0.0022763233,0.0015606654,0.0018848801,-0.00037545298
63,-0.002696898,0.0027877854,-0.00089772267,-0.0018803119,0.00033814114
64,0.0027363591,-0.003224218,0.0011712176,0.003986504,-0.0030361544
65,0.008389344,-0.006847858,0.0058908868,0.0050770827,-0.005217448
66,0.00176576,-0.0032469837,0.0025825652,0.0038000809,-0.0024027135
67,0.003835334,-0.0035691697,0.0027924217,0.0028328202,-0.0028441723
68,0.0016568496,-0.00043719957,0.0005026891,0.000681576,-0.00072898524
69,0.002535009,-0.0017380812,0.0021959185,0.0012871333,-0.0014491482
70,0.0066901506,-0.005405215,0.003426147,0.00378341,-0.0031552177
71,0.006671355,-0.005430196,0.0041501755,0.0016885512,-0.004344581
72,0.0056548105,-0.0027728113,0.0022374033,0.002770851,-0.0006332542
73,0.0048086173,-0.0028570509,0.0023131003,0.001837973,-0.002152347
74,0.004542189,-0.0035789895,0.0039258734,0.003899861,-0.001681306
75,0.0030627672,-0.0012064154,0.0021314395,0.004245982,-0.00076034496
76,0.0031400966,-0.002235747,0.0029354151,0.0023456719,-5.1675448e-05
77,-0.0012282279,-0.0004897557,9.326162e-05,0.00047509983,-0.00045127125
78,0.0051007173,-0.004244484,0.0039086114,0.0028364582,-0.002059242
79,0.0035503476,-0.003917607,0.0022654063,0.0038052022,-0.0018536127
80,0.00019041765,-0.00014617403,-0.000116632385,-3.7079317e-05,-0.0003248648
81,0.0059322775,-0.0033090042,0.0047886632,0.003166084,-0.0020418142
82,0.0051957215,-0.0059460416,0.0035844438,0.004603409,-0.003322096
83,0.0046209963,-0.00228624,0.002980187,0.0029693227,-0.003240975
84,0.00426666,-0.005028353,0.0034706483,0.0033729821,-0.0028893657
85,0.0035273554,-0.00077156135,-0.00028057612,-0.00052646763,-0.0007767591
86,0.0052799834,-0.0034526791,0.0017476483,0.0030317684,-0.002166147
87,0.0050757495,-0.0046536718,0.0020756824,0.0041194474,-0.0018097302
88,-0.0012376377,0.00084610464,-0.0017809107,-0.00078746333,-3.5891997e-05
89,0.004279989,-0.0013311725,0.0029660398,0.0011029347,-0.0019371727
90,0.004670805,-0.002879639,0.0018813721,0.0024289878,-0.002607626
91,0.0021607103,-0.00044107056,0.00041828642,0.00035418136,-0.00027694402
92,0.0038109913,-0.0040357932,0.0023695051,0.0022404795,-0.00263172
93,0.00772302,-0.0059838975,0.0044679292,0.005914474,-0.0039449707
94,0.0027094397,-0.0035163409,0.0029630521,0.0023643884,-0.002768372
95,0.004560327,-0.006100382,0.0031431108,0.0025281275,-0.003726336
96,0.0037129368,-0.0045753247,0.002249294,0.0019694525,-0.0016997423
97,0.0031718388,-0.0021887305,0.0011328699,0.0014060809,-0.002251128
98,0.0022426397,-0.00166065,0.0011869773,0.0008079316,-0.0014006716
99,0.0047622984,-0.0030194751,0.0034205585,0.0019970376,-0.0024657308
100,0.0030948701,-0.0033721111,0.002540835,0.0017060298,-0.00018950067
101,0.00019934236,-0.0016143856,0.0015004694,0.0005783963,-0.0003851642
102,-0.0023050813,-0.00033787807,-0.0013205138,-0.0004458581,-0.0014778804
103,-0.0005499387,0.00020007633,-0.0011786225,0.00035157858,0.00034058388
104,0.002353819,-0.0028763532,0.0022199156,0.0027598809,-0.0007621197
105,0.0030149966,-0.0027385068,0.00038575573,0.002321293,-0.0030474653
106,-0.0032050358,0.0010644142,-0.0026680087,0.00070242584,0.0019294893
107,0.004738575,-0.0027856578,0.0013697564,0.0032230213,-0.0016672632
108,-0.0011659393,0.0005904456,-0.00022493476,-0.0014764081,0.000531934
109,0.0047521824,-0.005128748,0.0047831233,0.0046067983,-0.0033360953
110,0.00440262,-0.0031765169,0.0017467808,0.0022232526,-0.0009740339
111,0.0005188447,-4.8425987e-05,-5.5752287e-05,0.000738488,0.001027209
112,0.0034612517,-0.0039762123,0.0036589378,0.002073564,-0.0020183262
113,0.0044084666,-0.004529819,0.0033691952,0.0036420545,-0.002821347
114,0.002683625,-0.0035912695,0.0016588637,0.0030259583,-0.0019728139
115,0.0020708914,-0.0035102444,0.0033734075,0.0021602109,-0.0012349043
116,0.00305887,-0.004761382,0.0014248586,0.003038869,-0.0022524265
117,0.00091222377,-0.0028474093,0.00032811527,0.0011200758,-0.00024860026
118,0.0015078342,-0.0048721894,0.001799731,0.0016188017,-0.0021792594
119,0.007186509,-0.004804032,0.005050638,0.0047281315,-0.0024759157
120,-0.0019262235,0.0024476515,-0.0018224817,-0.0015044436,0.0004074751
121,-0.0039942847,0.001359253,-0.002949974,-0.0013380864,0.0008223842
122,0.0016254942,-0.0007483411,0.0018952006,0.0010450396,-0.0011053443
123,0.005467081,-0.004820768,0.0040207817,0.002840239,-0.0024552243
124,0.003284359,-0.0044747293,0.0020214275,0.002815728,-0.001544053
125,0.005953567,-0.0040986054,0.0026378178,0.0050310353,-0.0019509477
126,0.003957461,-0.0031507718,0.0028504934,0.0028684943,-0.0019471162
127,0.005939026,-0.004359025,0.0030940468,0.0035601668,-0.0023020562
128,0.003908406,-0.0047926973,0.002841326,0.0026806756,-0.0023500624
129,0.00081334595,-0.0019182435,2.9425864e-05,-6.874903e-05,-0.00037372817
130,0.0046254783,-0.0026446267,0.0023164765,0.0030090145,-0.0035837623
131,0.004323186,-0.0034626164,0.0014794532,0.0027538172,-0.0022422355
132,-0.0036423479,0.002523575,-0.0028658055,-0.0019379158,0.0024612728
133,0.0029521042,-0.0026009202,0.0016374013,0.0024578518,-0.0030668792
134,0.0024060933,-0.0005782803,6.0010934e-05,0.0009886279,0.0004086255
135,0.00342035,-0.0016112472,0.0025430967,0.002383918,-0.0022808353
136,0.0024672525,-0.0043611894,0.0031811257,0.0025003874,-0.0019654129
137,0.0035997133,-0.002869735,0.0026561657,0.0017008673,-0.0024433131
138,0.004022477,-0.0026866538,0.0009912906,0.002074266,-0.0029786984
139,0.0023121356,-0.0018236705,0.0019622818,0.002670974,-0.0024557994
140,0.0029941245,-0.0042011044,0.0024988023,0.0025118438,-0.0035780307
141,0.002864834,-0.0023227364,0.001943222,0.0025864681,-0.0017599823
142,0.0034104036,-0.002738072,0.0030922065,0.002962582,-0.0016796101
143,0.0019797967,-0.0026598268,0.0033627409,0.0009216946,-0.002473905
144,0.002412598,-0.0032673175,0.0026693274,0.0027076912,-0.0024494056
145,0.0027320264,-0.0022567715,0.0025887787,0.0022921958,-0.00095892744
146,0.003059027,-0.0035409445,0.0022810712,0.0024597386,-0.0015272541
147,0.0044056075,-0.0039003275,0.0024882336,0.0018127315,-0.00253839
148,0.003194626,-0.003841633,0.003000641,0.0030148753,-0.00049782946
149,0.0034420865,-0.002258035,0.0021791416,0.0024235356,-0.0012109057
150,0.002546685,-0.0028302527,0.0027409447,0.004400536,-0.0018869647
151,0.0005136831,0.00035549133,-0.000966255,-0.0013938476,-0.0020015528
152,0.0020766081,-0.0012396352,0.0011844415,0.0026947025,-0.00041309028
153,-0.001523979,-8.031074e-05,0.00039856407,-0.00018882618,-4.1811795e-06
154,0.0033655707,-0.0028705592,0.004064135,0.002044847,-0.002670978
155,0.008198054,-0.007315638,0.0059985453,0.0058650007,-0.0037100306
156,0.006500929,-0.004103718,0.0038459403,0.0034670306,-0.0022920198
157,0.0020512585,-0.001466543,-0.00047373318,0.0014801007,-0.0007087945
158,0.0023544766,-0.00054201845,0.0024878748,0.0023155424,-0.0010817681
159,0.0026774656,-0.0031567113,0.0009972282,0.0025662084,-0.00039904861
160,0.0028098314,-0.0024485546,0.0011570242,0.0026213466,-0.0012524367
161,7.7783836e-05,-0.000105929255,-0.0009539713,-0.0015783012,0.00018542913
162,0.0014980861,3.572756e-05,0.0009229099,0.00091577735,-0.00047009776
163,0.0036095902,-0.003202335,0.0033248696,0.0033865592,-0.0018077235
164,0.008055175,-0.0055803503,0.0051169554,0.005705157,-0.0025402184
165,-0.0041961265,0.00079604634,-0.002369066,-0.00062543136,0.0013076206
166,0.0028771095,-0.0031907882,0.00314593,0.0015378698,-0.0015993813
167,0.0020519872,-0.0027443795,0.0022913956,0.0028013755,-0.0010789386
168,0.0069527514,-0.0036701534,0.0051346375,0.0035594914,-0.0029549287
169,0.0009078639,-0.0015417224,0.0015600185,0.0014427293,-0.0006255871
170,0.0034286813,-0.0030212111,0.0028687993,0.0016595541,-0.00083049416
171,0.0038707447,-0.004557247,0.0023736416,0.0015046854,-0.0016593206
172,0.0024396803,-0.0028892274,0.0015742534,0.001201437,-0.0013395146
173,0.004499131,-0.0027554273,0.0020019684,0.0013379926,-0.0013038316
174,0.0054544387,-0.004467073,0.0029021509,0.0039434955,-0.0012555894
175,0.0046971263,-0.0032170927,0.0038292122,0.0040511126,-0.0031671976
176,0.0016067881,-0.0018735838,0.0005696052,0.00028365472,-0.0010854712
177,0.0025912311,-0.0023827145,0.0013051959,0.0018994559,-0.0016576349
178,0.004011311,-0.0027109636,0.0033943385,0.0033449617,-0.001582884
179,0.0025993045,-0.003590658,0.0021847158,0.0024673955,-0.0017210207
180,0.0021201668,-0.0028260818,0.0022104112,-0.00053936575,-0.001850305
181,0.0040244767,-0.0046975943,0.0012852609,0.0038467331,-0.0031509106
182,0.0025408966,-0.003642567,0.003102769,0.0022261802,-0.002426472
183,0.0045892694,-0.003098996,0.002360553,0.0021028419,-0.0014279592
184,0.0052208747,-0.004834899,0.005011115,0.0032919813,-0.0029186734
185,0.003112861,-0.0026562933,0.0023587034,0.003862498,-0.00036853665
186,0.0034943628,-0.002925677,0.0015874866,0.0028112205,-0.0022203615
187,0.0037162919,-0.0039337943,0.0008204833,0.0040653683,-0.0019001157
188,0.0038588587,-0.0033479577,0.003015033,0.0011704905,-0.0021907229
189,0.004686478,-0.0032072677,0.00293747,0.0023052995,-0.0026693896
190,0.006677724,-0.0027001793,0.0032629778,0.001724381,-0.0027509753
191,0.0039381036,-0.0031113909,0.0020656209,0.0041749245,-0.0006053387
192,0.004115872,-0.002708448,0.0020508447,0.0021818776,-0.0025402184
193,0.0038291756,-0.0046841777,0.0030673211,0.0030034694,-0.0024719543
194,0.005856838,-0.0041521355,0.0033542996,0.0038194503,-0.0017067767
195,0.0013939362,-0.002467731,0.0007273011,0.0015648934,-6.012129e-05
196,0.003160092,-0.0032085683,0.0033864065,0.0027195544,-0.0027964623
197,0.0017415565,-0.0035612136,0.0016105354,0.0016770475,-0.0020315982
198,0.0030940755,-0.0024791623,0.000908604,0.0025973166,-0.001870689
199,-0.0033744217,0.0015616388,-0.0026652212,-0.0033596295,0.0017271284
200,0.0029554458,-0.0032357858,0.00075681903,0.0008098253,-0.0002776014
201,0.00089014584,-0.0015396471,0.00050813827,6.5949396e-05,-0.0007025182
202,0.0022346117,-0.0043276064,0.0007638664,0.0027273053,-0.0021094268
203,0.005044575,-0.0018006219,0.0023027337,0.0023199378,-0.0021136596
204,0.005075668,-0.002006454,0.0021837123,0.0014781064,-0.002020446
205,0.0027866676,-0.004500846,0.0018850245,0.0035219516,-0.0013797448
206,0.0050442303,-0.0033534633,0.003685691,0.0037028496,-0.002073204
207,0.0038104905,-0.0029016358,0.0027612404,0.0023077317,-0.0024386095
208,0.00062076235,-0.0018021386,0.0013318786,0.001493711,-0.0004613108
209,0.007927058,-0.006419322,0.0053184223,0.0059709125,-0.0045537977
210,0.008117328,-0.006188361,0.0055682124,0.005550293,-0.0033765798
211,-0.0016498202,-0.00035073713,-0.0009337587,-0.0026795873,0.0006416787
212,0.002500198,-0.0024628507,0.0025269857,0.00090610154,-0.0025348382
213,0.0014013483,-0.0021598279,0.0011709043,0.0028033485,-0.0020678418
214,0.004950877,-0.0038786707,0.003661322,0.0037521205,-0.0034786854
215,0.0051705623,-0.0039205314,0.0038760225,0.0037417212,-0.0036621469
216,0.006024511,-0.0049749305,0.0050235493,0.0043379716,-0.0034809131
217,0.0047143204,-0.0016905125,0.001994788,0.003651707,-0.0032208788
218,0.0043983655,-0.0038842256,0.0014304456,0.00159526,-0.0014844866
219,0.0047883326,-0.0045586857,0.0016491245,0.003381851,-0.0025706918
220,0.0051512313,-0.0020208296,0.0027099333,0.0016761463,-0.0008650459
221,0.0042358534,-0.0029046955,0.0013985916,0.0032898788,-0.0014684018
222,0.00840181,-0.0055703954,0.0039251433,0.0041474015,-0.0032580395
223,0.0072321068,-0.005186935,0.0065632854,0.0052696243,-0.0044177263
224,0.0050777877,-0.0027787215,0.0037588233,0.0034500107,-0.0019924466
225,-0.002110539,-0.0013721258,-0.00090272253,5.077461e-05,0.00076052465
226,0.0017210486,-0.0014610671,0.00232545,0.0021329403,-0.0009012883
227,0.0044327625,-0.0022457198,0.0025690543,0.0029987798,-0.0013154926
228,0.004531227,-0.0026035523,0.0023888948,0.0030253483,-0.0021840532
229,0.001986637,-0.00047917548,-0.0005219112,0.00066753355,0.0007191198
230,0.0044202916,-0.0040725176,0.0025384424,0.0033107037,-0.0009128578
231,0.0061256727,-0.0047805817,0.0013764601,0.001711185,-0.0017790229
232,0.0035596318,-0.0039111353,0.00063021254,0.002101705,-0.0021515987
233,0.002435189,-0.0013028376,0.0011152735,0.0033297557,-0.001408254
234,-0.0010673569,0.0006374399,0.0007427014,-0.00012844513,-0.00055036275
235,-0.00067109824,0.00084162416,-0.0011192765,-0.001126102,-0.00057209446
236,0.0017817252,-0.0022486923,0.0013249551,0.00115243,-0.0013570698
237,0.0019951097,-0.0028928574,0.0016876516,0.003611839,-0.0020939447
238,0.0027862857,-0.0017595198,0.0015336383,0.0034865192,-0.0018811929
239,-0.00070155755,0.0011514616,0.00043540722,-0.0013319819,-0.0004372518
240,0.0048085554,-0.0038642795,0.0039994526,0.0030894596,-0.0027993247
241,0.00044473357,-0.0011688389,-0.0005667169,-0.00042324085,3.4861616e-06
242,0.00526886,-0.004483085,0.0018802338,0.0027869567,-0.00059092866
243,0.004182562,-0.0023006278,0.0014868984,0.0016882243,-0.00253356
244,0.0036048568,-0.002765428,0.00276854,0.0024114926,-0.00059676473
245,-0.0029547734,0.0014198507,-0.0030269565,-0.0014669471,0.00043820523
246,0.0016420601,-0.0032504068,0.0037584642,0.0033682052,-0.0013798382
247,3.7740301e-06,-0.0010827809,-0.0012132305,-0.0017245925,-0.00015102937
248,0.004664928,-0.0025120454,0.0024281205,0.001745455,-0.0021739646
249,0.0031588585,-0.0030350492,0.003173428,0.0029342324,-0.0017576851
250,0.004823033,-0.003391537,0.0032817775,0.0033245105,-0.0026322117
251,0.0048325052,-0.0042798147,0.003029148,0.0029322705,-0.0021957604
252,0.0038292988,-0.0030288636,0.00075775746,0.0022029309,-0.0026007185
253,0.006203324,-0.0039110635,0.003735267,0.0031710048,-0.004079212
254,0.0059733493,-0.003950065,0.0034211762,0.0030859902,-0.003782918
255,0.0031801355,-0.0025255105,-0.00040553135,0.0018551352,-0.0019948594
256,0.0049232347,-0.0037207557,0.0036357567,0.0058547365,-0.0036176294
257,0.0033110965,-0.0018505305,0.001352813,0.0021171414,-0.002233939
258,0.00730077,-0.004173775,0.0046540666,0.005570373,-0.0029327534
259,0.0035938923,-0.004684449,0.00237572,0.0036181915,-0.0024978858
260,0.0027028127,-0.0021478757,0.0009992906,0.001980757,-0.0010520765
261,0.0022322792,-0.0032788091,0.0030376983,0.0036056011,-0.002663754
262,0.0056826198,-0.006406443,0.0058986046,0.0047784997,-0.0036274113
263,0.005191963,-0.004021042,0.004015854,0.0024818305,-0.0026785913
264,0.00070016057,-0.00038426177,0.00058335386,0.000317075,-0.0006016526
265,-0.00061827764,0.0023636022,-0.0010373495,-0.0015441322,-0.001100436
266,0.0012977867,-0.001464927,0.0010755709,0.0015408982,0.00022531096
267,0.0014535437,-0.005272095,0.0030169424,0.0033788963,-0.0013560255
268,0.007361522,-0.0067503606,0.0067433906,0.0050217644,-0.0036690445
269,0.0041012014,-0.003939741,0.0022908435,0.0023981975,-0.0026865923
270,0.00025091905,-0.0033412501,0.0012791066,0.0017384574,-0.0010829937
271,0.0028167646,-0.0025062566,0.0034576294,0.002285574,2.7598991e-05
272,0.004256676,-0.0028220532,0.0021099888,0.0014230849,-0.0028967476
273,0.005187835,-0.006241438,0.0046810233,0.004836301,-0.0044181673
274,0.0030346685,-0.0037163887,0.002516989,0.0020022774,-0.0014973743
275,0.0033342154,-0.002958876,0.0023770253,0.0029709178,-0.0023943444
276,0.0035437262,-0.004636722,0.0026838628,0.00529173,-0.0007742454
277,0.0042731897,-0.0039534094,0.0030312645,0.003604417,-0.0018644664
278,0.0051996345,-0.0028117707,0.002925409,0.0037905704,-0.0022354384
279,0.006032576,-0.004546819,0.0025883669,0.0033627653,-0.0028440328
280,0.0012736347,-0.0027338655,0.0019663612,0.0016656949,-0.0015655387
281,0.0043028696,-0.0029327283,0.0016038137,0.0035304446,-0.002223063
282,0.0064915316,-0.0031400516,0.0036302553,0.0026712448,-0.0020949002
283,0.0031684036,-0.0034907367,0.0024719827,0.0030530982,-0.0015163933
284,0.0016554419,-0.0034153508,0.0019841369,0.0027181772,-0.0023004683
285,0.0030666215,-0.0026797645,0.0020660742,0.0023071235,-0.0025438084
286,0.002051089,-0.002754672,0.0010577716,-0.00023038783,0.00012662323
287,0.002687019,-0.0017560537,0.0014912882,0.0018149373,-0.0012130908
288,0.0022955986,-0.0029714163,0.0023425736,0.0029780895,-0.0030666355
289,0.007401621,-0.0042624357,0.004315208,0.003763554,-0.003192524
290,-0.0012425468,7.191005e-05,-0.00019646474,-0.0005432803,0.001126497
291,0.0065269996,-0.0038693387,0.003039395,0.0019231035,-0.0025948086
292,0.00014264457,-0.0017588878,0.00031634723,0.0012043507,-0.0005426307
293,0.003867077,-0.004139705,0.0027766365,0.0032173952,-0.0021263994
294,-0.00017395354,-0.00044564428,3.0035037e-05,0.00078029966,-0.0013258086
295,0.0009142357,-0.0019343444,0.0005215346,0.00032251977,-0.0008653887
296,0.0043810112,-0.0048845066,0.0026223531,0.0023376883,-0.0018540284
297,0.0022111214,-0.00049618393,0.0014855425,0.0012151207,-0.00022740923
298,0.0047996948,-0.0037148804,0.0014502093,0.0032603585,-0.002488977
299,-0.0039129406,0.00326459,-0.0017920745,-0.0028395858,0.0027753212
300,0.0038941484,-0.0030757082,0.002167818,0.0027755334,-0.002227507
301,0.014381902,-0.010909574,0.007900794,0.0092196595,-0.0063105174
302,0.0029577357,-0.002558692,0.004888936,0.003459906,-0.0019658518
303,0.0044984603,-0.005265594,0.0025519852,0.0020220825,-0.0030560493
304,0.0038724106,-0.0021858348,-0.00031208308,0.0023978397,-0.0022056706
305,0.0068736034,-0.0047299145,0.005935493,0.004755618,-0.002440464
306,0.0039510024,-0.001689479,0.0031590739,0.0020535036,-0.0024201563
307,0.0037673793,-0.0041766525,0.0028352675,0.001633094,-0.0019476338
308,0.0034419391,-0.0024351142,0.0015418662,0.0020206014,-0.001613472
309,0.0016050494,-0.001703637,0.0015244244,0.00080253993,-0.0011693338
310,0.0025097355,-0.0034841169,0.0017014117,0.002212234,-0.00017876267
311,0.0037243653,-0.004163522,0.0020923195,0.0013350255,-0.0029625425
312,0.0055302917,-0.0046166833,0.0045880177,0.0047335755,-0.003778607
313,0.0060347016,-0.0028511838,0.0016243976,0.0032087518,-0.0014812913
314,0.0026554863,-0.0014238142,0.0026094606,0.003526843,-0.0018652086
315,0.0032597177,-0.005086526,0.0039041522,0.0032282756,-0.0037814144
316,-0.0004540871,0.0016326167,-1.6186212e-05,-0.00084306375,-0.0001281618
317,0.0028329233,-0.0022264002,0.001492162,0.0018461787,-0.0026365733
318,0.0031161122,-0.0028183844,0.0011302299,0.0019441717,-0.0016082084
319,0.0019738749,-0.002785535,0.0006264371,-0.0004985363,2.557766e-05
320,0.0046175355,-0.0037814998,0.0017234118,0.0015182127,-0.0020896527
321,0.0045675742,-0.0034333277,0.002264053,0.003678374,-0.0018668415
322,0.0025355334,-0.003714019,0.0028620965,0.001235846,-0.0020036483
323,0.0045114127,-0.0027951046,0.0019684972,0.0022840984,-0.0019747089
324,0.005022413,-0.0027843919,0.0013852081,0.0030771713,-0.00027062968
325,0.0021825908,-0.0035247386,0.0018184198,0.0024806655,-0.0012914278
326,0.001809023,-0.002979654,0.0029798662,0.0003152558,0.00011147804
327,-0.00032654507,0.00022737094,0.0010533141,0.00010287415,-0.0003484623
328,0.0039110226,-0.0034110267,0.0041448604,0.0040683746,-0.0017263609
329,0.004800515,-0.0035774738,0.0015170866,0.0037032347,-0.0033808385
330,0.0059383987,-0.0037696701,0.0028041243,0.0030641,-0.0026391624
331,0.0028271007,-0.003303763,0.0004118846,0.0024132077,-0.0015372207
332,0.0023578482,-0.003901341,0.003291592,0.0028162005,-0.0015146356
333,0.0038190132,-0.0017943718,0.002401843,0.0029920146,-0.0018754082
334,0.0034487054,-0.001182113,0.0033919262,0.0036760604,-0.0015171813
335,0.00552026,-0.0042345515,0.0025710247,0.0037132944,-0.0037840072
336,0.0040963707,-0.0028559614,0.0023574803,0.0032786787,-0.0018613739
337,0.0033663104,-0.0044434615,0.0020602033,0.003619455,-0.002037365
338,0.004451858,-0.004931253,0.0037801191,0.0035254671,-0.0026348983
339,0.0050492226,-0.0016866069,0.0010631784,0.002390052,-0.002050485
340,0.0017440224,-0.0009882153,0.0017963508,0.0013012425,-0.00048040418
341,0.0015813976,-0.00241279,0.001306222,0.002029228,-0.001802189
342,0.0034977756,-0.0031244138,0.0026988513,0.0012075279,-0.002137679
343,0.0032660067,-0.0044046426,0.0014487911,0.0019448006,-0.0005663592
344,-0.0011266243,0.0007449733,-0.0011564757,-0.00047266457,3.655174e-05
345,0.003543364,-0.0016297464,0.001771537,0.003100176,-0.0017371536
346,0.0032816103,-0.002729913,0.0010187463,0.0024216883,-0.0029877557
347,0.004330435,-0.005792376,0.0032778552,0.0045234887,-0.004026743
348,0.004952099,-0.00353084,0.0035761234,0.0036502979,-0.0016292135
349,0.002794582,-0.0029656899,0.0033664878,0.0034483247,-0.0026843168
350,0.004703134,-0.0056864605,0.0031339421,0.0045105196,-0.0031940546
351,0.004722345,-0.0020333382,0.0014390689,0.0014338047,-0.0026187717
352,0.0021610395,-0.0013918407,0.0012850905,0.0027007882,-0.002037392
353,-0.00042347846,-0.00025961405,0.0005201634,-8.081277e-05,-0.0010916719
354,0.0014373466,-0.0018506162,0.0021717106,0.0029471682,-0.0005494284
355,0.0035713848,-0.0030267262,0.0020077247,0.0030874864,-0.0017444061
356,0.0030027933,-0.0031835192,0.0011714312,0.0026399433,-0.00075787766
357,0.0036279322,-0.0039454773,0.0012982079,0.0023067924,-0.0022051458
358,0.005355414,-0.00397173,0.0024513379,0.0037526272,-0.0021296446
359,0.0036114408,-0.0048528523,0.0021072882,0.003729798,-0.0015375852
360,0.0006763324,-2.6149482e-05,0.0013319335,0.0024711906,-0.0013562874
361,0.004593127,-0.003272736,0.0034636573,0.002718598,-0.0017247999
362,0.002918477,-0.0024814813,0.0026774153,0.0020503043,-0.0023613693
363,0.0057089827,-0.0041134986,0.0026577963,0.004028967,-0.0013016813
364,0.0049315086,-0.0030460316,0.0028294364,0.002879132,-0.0019289121
365,0.0047086934,-0.0039029005,0.0018434584,0.0007659725,-0.0024368167
366,0.006906978,-0.006045676,0.0036618565,0.004493947,-0.0039673103
367,0.0045579425,-0.0018614199,0.0029341655,0.003054052,-0.002155152
368,0.0009028705,-0.0024068186,0.00014144981,0.00207511,-0.00014816738
369,0.00301322,-0.0023958955,0.0028477993,0.002625427,-0.002771162
370,0.0029111677,-0.002793149,0.001801595,0.0029661423,-0.001588249
371,0.0023689636,-0.0020333414,0.0014624994,0.0014944184,-0.0003868406
372,0.006000161,-0.0031180156,0.0039040016,0.0033573064,-0.00276801
373,0.0026372129,-0.0027172982,0.0023640126,0.0024143485,-0.0022080427
374,-0.0033663157,0.0007457932,-0.0033680357,-0.0016770051,0.0009631808
375,0.0038629682,-0.0037862416,0.002247116,0.0039057017,-0.0018538963
376,0.009918402,-0.007060223,0.005069439,0.006096486,-0.0040287436
377,0.0022182525,-0.0021592253,0.0025304856,0.0008848794,-0.0017308443
378,0.004809475,-0.0017265362,0.0024450421,0.0028917044,-0.001756379
379,0.0066433605,-0.0065986076,0.0054334453,0.0057492065,-0.0043234765
380,0.0040881084,-0.002090136,0.0020263938,0.001545041,-0.002593277
381,0.0037399658,-0.0027597295,0.0025565005,0.0021949073,-0.0023443147
382,0.007816421,-0.006388378,0.005151722,0.0052151224,-0.0041753734
383,0.003911548,-0.0021829698,0.0016511247,0.0022250847,-0.0018227078
384,0.0050968695,-0.0040067807,0.0038558256,0.0042235237,-0.0022552016
385,0.0028153008,-0.0015431322,0.0006087379,0.0018058394,0.00030009705
386,0.0042458014,-0.0046159597,0.0037525434,0.00393787,-0.0025000335
387,0.0031995892,-0.0031208512,0.002220043,0.0024573933,-0.0025555806
388,0.0031839935,-0.0038576357,0.0021678011,0.0030845187,-0.004120114
389,0.0042708083,-0.0031581512,0.0026151543,0.002182479,-0.0028878092
390,0.0059761032,-0.003524291,0.0027133077,0.0045917667,-0.0041123177
391,0.0045279237,-0.004385048,0.003868145,0.0041152267,-0.0027069035
392,0.002860866,-0.0039171283,0.0026709263,0.001595933,-0.000939003
393,0.0054304968,-0.0028075157,0.0009974476,0.0021492036,-0.00067314744
394,-0.0018967958,-7.057218e-05,-0.001375201,-0.0010917834,-0.00025316922
395,0.005638952,-0.004645558,0.0036242392,0.0030437114,-0.0033178
396,0.00414115,-0.0027909172,0.0018487644,0.0037781575,-0.003438128
397,0.006446899,-0.003911295,0.0039367727,0.0021628046,-0.0018878053
398,0.007035162,-0.003919808,0.0032532108,0.0055501293,-0.0031118153
399,0.0045835543,-0.00424591,0.0033743533,0.003528901,-0.0035050637
400,0.0048469366,-0.0026104401,0.0022129246,0.0024529623,-0.0021806427
401,-0.00050471636,-0.0009801585,0.0005846449,-0.00053654786,0.00058821036
402,0.0040415972,-0.0046273363,0.0036153458,0.0041353167,-0.0024421208
403,0.0035014194,-0.0028536583,0.0031576739,0.0020440065,-0.00046552642
404,0.002826992,-0.003155233,0.0012284134,0.0024601421,-0.0027485217
405,0.0024835588,-0.0028368433,0.001793274,0.0028438978,-0.0011195402
406,0.005311791,-0.0040498865,0.0021822476,0.0031927512,-0.0026719354
407,0.00050919404,0.000270031,-0.000727942,-0.00045738212,0.00045475678
408,0.0018220549,-0.0017281041,0.002492555,0.0014757172,-0.002271951
409,0.0038772668,-0.0016690079,0.0034998427,0.0018657917,-0.0027568038
410,0.0032527095,-0.0031375764,0.0017052905,0.0015837761,-0.00218556
411,0.0037160963,-0.0033331672,0.0024864634,0.002954365,-0.0017693207
412,0.005233646,-0.0043091276,0.0027822084,0.0035279184,-0.0029106007
413,0.0028637233,-0.0049856734,0.0040276344,0.0042091073,-0.0033334326
414,0.0025969723,-0.00317572,0.0020891512,0.002485822,-0.00044594146
415,0.0025009857,-0.0032698184,0.0019652771,0.0026861893,-0.0027075498
416,-0.000634725,-0.003351557,0.0024261184,0.0006444216,-0.00047235738
417,0.0014450592,-0.0009307514,0.00014020191,-0.00044350367,-0.0002793057
418,-0.0028699555,0.00029183,-0.00080693694,-0.0024338055,0.0010580851
419,0.001289857,-0.0021123148,0.0015343748,0.0010107469,-0.0015540204
420,0.0036128184,-0.0021994526,0.0028976176,0.0035512105,-0.0018226855
421,0.005571373,-0.003927185,0.0033301804,0.0045889504,-0.0022410376
422,0.004268416,-0.0029393719,0.0017454487,0.0020914695,-0.0025691383
423,0.0024173823,-0.0027654595,0.0031599002,0.002361037,-0.00075164664
424,0.0038228375,-0.0018035739,0.0028466706,0.0019536866,-0.0019084652
425,0.0034116895,-0.003326848,0.0018560297,0.003964399,-0.0019032509
426,0.0033045458,-0.0042769555,0.003018556,0.0013424157,-0.0019377421
427,0.0055970233,-0.0047280435,0.0019466549,0.002448842,-0.0025871526
428,0.0019832822,-0.0039514885,0.002494332,0.0032770731,-0.0015113486
429,0.005467084,-0.0036021408,0.0018584017,0.0022014999,-0.0022831487
430,0.0036967276,-0.0052497913,0.0050397664,0.0017903812,-0.0037581527
431,0.0037803273,-0.0034475718,0.0017501415,0.002588282,-0.0014127224
432,0.004581392,-0.0037872337,0.0025452417,0.0029768783,-0.0035637137
433,0.0045274994,-0.0041756122,0.0012315897,0.0018271002,-0.0013079236
434,0.0038993885,-0.0029898589,0.0028557612,0.002085382,-0.0017176834
435,0.0026658522,-0.002783374,0.0020217323,0.0030059803,-0.0015643176
436,0.00449889,-0.0037367109,0.0019651265,0.0018566063,-0.0012161833
437,0.0048491945,-0.0039763697,0.0024010036,0.0033906025,-0.0010228539
438,-0.0011149306,0.00049811916,-0.00014940754,-0.0016855584,-0.00039968468
439,0.0064123203,-0.004541505,0.0035822918,0.0042383117,-0.0016595075
440,0.0027492668,-0.003173946,0.0029567792,0.0022325828,-0.0017555768
441,0.0030024727,-0.002848808,0.0022321565,0.0035498384,-0.0022125226
442,0.0017296318,-0.002976913,0.002427623,0.0015349332,-0.002428477
443,0.0019111377,-0.0006946882,0.0016721172,0.0025599059,-0.0017756312
444,0.0038841686,-0.0024538015,0.0020887272,0.0033817943,-0.003315447
445,0.0005753557,-0.00025719585,0.000101181315,2.484775e-05,-0.0009542175
446,-0.001554766,0.0011185426,0.00034089386,-0.0017541841,-0.00054818764
447,0.0044965483,-0.0033417114,0.0037452083,0.002631955,-0.0023553995
448,0.0049336604,-0.00408829,0.0020241023,0.0039986926,-0.0034060923
449,0.005753581,-0.002527734,0.002530964,0.0034997617,-0.001086784
450,0.0041080248,-0.0043851547,0.001947238,0.0021937252,-0.0015153366
451,-0.0057020606,0.00284207,-0.0035719287,-0.0021488003,0.0018619472
452,0.0019125796,-0.0020409175,-2.2797733e-05,0.00057746115,-0.0006239895
453,0.005234716,-0.004039753,0.0018107098,0.0025762345,-0.0020561859
454,0.0015792421,-0.0043062554,0.0020333668,0.002584199,-0.0017707831
455,0.0032015573,-0.0033806886,0.002896679,0.0032369155,-0.0020923552
456,0.0048720078,-0.0038274403,0.0031775048,0.0017078514,-0.00164805
457,0.0035648143,-0.001940665,0.00084396056,0.0022420615,-0.00097536127
458,0.0027093128,-0.0026309895,0.0034862598,0.0032741108,-0.0032920144
459,0.0049721324,-0.004381989,0.0012590257,0.002589358,-0.0018507326
460,0.004205005,-0.0027772817,0.0014123666,0.0027628674,-0.0023526829
461,0.002331193,-0.0032264548,0.0005298357,0.0024949228,-0.0016975591
462,-0.0005791422,-0.0017164765,0.0020785078,0.0016773843,-0.0015567621
463,0.005000292,-0.0038242228,0.0027384784,0.003197281,-0.0031282285
464,0.006692456,-0.0048820274,0.0036882143,0.0033733891,-0.0023320431
465,0.0036637543,-0.0041123973,0.001997455,0.001470752,-0.0016560085
466,0.0026127726,-0.002750952,0.0021092333,0.0015424333,-0.002030983
467,0.0028932318,-0.0028321564,0.002811213,0.0031494023,-0.0013535719
468,0.005221445,-0.0037337118,0.0005965522,0.0022049116,-0.002858725
469,0.0026191361,-0.003099827,0.0012133268,0.0025364137,-0.0008342841
470,0.004386362,-0.0033367765,0.0021479197,0.001534111,-0.002021706
471,0.004916802,-0.0045111547,0.0026545683,0.004100494,-0.0038634453
472,0.002226691,-0.0032827398,0.0023872387,0.0007646141,-0.00070017617
473,0.0036178238,-0.0029911075,0.0039465004,0.0041885152,-0.0029786287
474,0.00087055,-0.00044497647,0.0011892427,0.0024544962,-0.0016267082
475,0.00699948,-0.004260282,0.004377132,0.004088058,-0.0031613405
476,0.0047478424,-0.006033417,0.0036953655,0.0034784013,-0.0030626433
477,0.003613535,-0.0024095767,0.00091991347,0.0019180523,-0.003143217
478,0.004094909,-0.0058915527,0.0030111838,0.003854822,-0.0016350133
479,0.006345229,-0.0058516744,0.0014284261,0.0039877365,-0.0032301657
480,0.0039418912,-0.0045217695,0.002014871,0.0027418497,-0.0016192709
481,0.0052755065,-0.0026210984,0.0034025768,0.0023104935,-0.0026704434
482,0.0035768312,-0.0029691423,0.0021251356,0.0028927263,-0.0017961672
483,0.00402764,-0.0015386774,0.0023931009,0.0021977199,-0.0023911442
484,0.0070030764,-0.005900973,0.0036320058,0.0036494082,-0.0033188837
485,0.003418587,-0.0015797487,0.00067177974,0.0018811319,-0.0019966871
486,0.0014765998,-0.0015572056,0.0013211009,0.0020831253,-0.0010290308
487,0.004660749,-0.0031669089,0.0025442229,0.0027505415,-0.0021806576
488,0.0027799949,-0.001012068,0.0017029718,0.0016965941,-0.0022946203
489,0.007745252,-0.00763438,0.0042388043,0.005021884,-0.004199757
490,0.0007280843,-0.00047611527,-5.281747e-05,0.0013699244,-6.9977024e-05
491,0.0046938458,-0.001838826,0.0027563001,0.0019290895,-0.001049057
492,-0.00057556113,-0.0009881628,-2.869228e-05,0.0005401624,0.0004019618
493,-0.004358004,0.002831049,-0.005179834,-0.0029186418,0.0031876853
494,0.006510927,-0.003609832,0.003533943,0.0025812676,-0.003531133
495,0.0039959154,-0.002911666,0.0024138736,0.0030802246,-0.0027777308
496,0.005622452,-0.0038459064,0.0034971687,0.0028926732,-0.0020119587
497,0.0036694184,-0.005435219,0.003563972,0.004040317,-0.0032691294
498,0.005119721,-0.0038852643,0.002654771,0.0019268687,-0.0015490256
499,0.006051972,-0.0040291413,0.0025757058,0.003698719,-0.0018940333
500,0.0061561163,-0.0046486817,0.0034626,0.0039935317,-0.0037269043
501,0.003450155,-0.0003279756,0.00233133,0.002256906,-0.0016433747
502,0.005565442,-0.0049965284,0.003450103,0.003133235,-0.0029296605
503,0.0037777738,-0.0035717862,0.0023985265,0.0028454417,-0.0036404044
504,0.006148158,-0.0034262557,0.0043694945,0.0033282798,-0.0025213216
505,0.0039014642,-0.003816583,0.0011566465,0.0025468038,-0.0026213108
506,0.0043511395,-0.003034542,0.0026119417,0.0035166629,-0.0041281553
507,0.004380354,-0.002653725,0.002737003,0.0024549642,-0.0023128996
508,0.0032615776,-0.0028591298,0.0018840085,0.0030980236,-0.0018109628
509,0.001193697,-0.0018715779,0.002075461,0.0005351357,-0.0010465484
510,0.004221063,-0.003865252,0.0014068325,0.0028997168,-0.0021525614
511,0.0019777846,0.000103944345,0.001667824,-0.00036421127,-0.0013396018
512,-0.0007581037,0.0010994619,-0.0020497416,-0.0009959232,-8.302675e-05
513,0.0036470701,-0.0037521913,0.0014844262,0.0029730392,-0.0019575548
514,0.008146189,-0.006309334,0.006471971,0.0077078515,-0.004646832
515,0.00517018,-0.004929841,0.0045378977,0.0030829995,-0.0026583099
516,0.001811126,-0.0030297376,0.0019054586,0.0012164939,-0.0025883499
517,0.0047512916,-0.0045037065,0.0030497126,0.0025599846,-0.0029739067
518,0.002350294,-0.0038553153,0.0032835428,0.0016401459,-0.0013244768
519,0.0017208706,0.00021135256,0.0012470128,0.00065273955,-0.0006825016
520,0.003062056,-0.0026918312,0.0005531668,0.0019272434,-0.0018306475
521,0.0027363044,-0.004219226,0.0012935756,0.0040425877,-0.0034524794
522,0.0032096107,-0.0028997879,0.001445201,0.0019242738,-0.0014603625
523,0.0030971835,-0.0031557346,0.0039801504,0.0021863389,-0.0014915853
524,0.0019157811,-0.0034010878,0.0029527682,0.0032784059,-0.0019191963
525,0.0045247986,-0.0031684358,0.0012505557,0.003109474,-0.000732377
526,0.0041833203,-0.004079121,0.0029513657,0.0026604366,-0.0023925386
527,0.0040024393,-0.0031533872,0.0020939365,0.0028330828,-0.003034241
528,0.0032153565,-0.0031282504,0.003045348,0.0019654045,-0.0024776882
529,0.0032432305,-0.0034595456,0.0017503629,0.0017112377,-0.00045054633
530,0.0066615352,-0.0029616663,0.0034361025,0.0035473183,-0.002969113
531,0.0022160197,-0.0013207806,0.0007182341,0.0012671321,-0.00063795666
532,0.0039824415,-0.0014313709,0.0022479764,0.0027598892,-0.00036260288
533,9.6176e-06,-0.00082405395,0.0008830543,0.00067687157,-0.0007296411
534,0.0045422255,-0.0043878956,0.0030793513,0.0037829608,-0.0021015808
535,0.0014622896,-0.00019997971,0.0004239946,0.00077681214,-0.0007357237
536,-0.0020578154,0.0020765783,-0.0018684986,-0.0011440148,0.00073292735
537,0.0006563858,-0.0001994311,-0.0001741794,-0.0003810773,-0.0015680671
538,0.008728922,-0.006306902,0.006328533,0.005091557,-0.0033359798
539,0.006621936,-0.0037455696,0.0026360487,0.0032939396,-0.0024360917
540,0.005530918,-0.0048930207,0.0025095423,0.0034398283,-0.002361759
541,0.003859915,-0.004779664,0.0017777238,0.0030386474,-0.002147509
542,0.003233896,-0.003934104,0.0018829857,0.0019945672,-0.0025555533
543,0.0031001742,-0.0017109249,0.0026159238,0.0019039199,-0.0026028478
544,0.00081312604,-0.0031966513,0.0018931858,0.0024318171,-0.002368117
545,0.0007420854,-0.0005753287,-0.0010394581,0.00034386775,0.00045601637
546,0.0048434846,-0.0013652889,0.00068431505,0.00065106066,-0.0018052163
547,0.0036102256,-0.004900163,0.003153759,0.004083658,-0.0022719428
548,0.004381536,-0.0014837174,0.0018439223,0.0024122884,-0.0013366973
549,0.0027473874,-0.0021885158,0.001902868,0.0019212528,-0.0018845788
550,0.004529212,-0.0012835958,0.0015763452,0.0012358583,-0.0013949565
551,0.0018993359,-0.0038930876,0.0014087484,0.002901959,-0.001579197
552,-0.0024885794,0.0003814551,-0.002051333,-0.0029614766,3.380088e-05
553,0.00496832,-0.0046308227,0.0016049927,0.003947539,-0.0025458145
554,0.0023539155,-0.0021818539,0.003066004,0.0033253743,-0.0020308602
555,0.0036167866,-0.0025702713,0.0014338188,0.0021177728,-0.0017192749
556,0.0033479754,-0.002295487,0.0024866664,0.002912849,-0.0020139774
557,-0.0012769016,0.0009051807,-0.00055616756,-0.0009828289,-1.2144216e-05
558,0.0053975685,-0.005525369,0.0038413212,0.0018808722,-0.0031378022
559,0.004030715,-0.0027417878,0.0034991875,0.0021262884,-0.00082369376
560,0.0027984586,-0.0011298254,0.0009787258,0.00038109638,-0.001118202
561,0.003724491,-0.0040084296,0.0015219919,0.0023033756,-0.0018125202
562,0.0026621902,-0.0026957556,0.0029191007,0.0020204668,-0.0016106467
563,0.0042100837,-0.0029874616,0.0029181933,0.0033419672,-0.0020602176
564,0.0036767088,-0.0034237797,0.0030615162,0.0014802419,-0.003111285
565,0.004349829,-0.0034762523,0.0037058464,0.0028670058,-0.0029265396
566,0.0041716504,-0.0054792473,0.002731217,0.0021867673,-0.0027923032
567,0.007843941,-0.0065007107,0.0054124705,0.0063474798,-0.0043937615
568,0.0064715883,-0.0042432235,0.0019518145,0.00449937,-0.0030787839
569,-0.0016963455,0.0016400086,-0.0026473613,-0.0029849182,0.0026533338
570,0.002630905,-0.0018122721,0.002543151,0.0023330585,-0.0019391803
571,0.004230901,-0.0027207483,0.0025441416,0.0023568808,-0.00247034
572,0.0074992343,-0.0065612555,0.0049736635,0.005715,-0.0050799157
573,0.0064948625,-0.005667743,0.0043375203,0.0035137944,-0.0023483285
574,0.0038072648,-0.0033273492,0.0031886715,0.0026300668,-0.0020481353
575,-0.0044496916,0.0013108712,-0.0026941516,-0.004001961,0.0014585329
576,0.004245898,-0.0018320808,0.0029439148,0.002650688,-0.0027554892
577,0.00052153924,-0.00022670388,0.0014234069,-2.9301476e-05,-0.0011179873
578,0.0019379536,-0.0040975627,0.002971709,0.0038417508,-0.0022883695
579,0.001504735,-0.0022571643,-0.0002042761,0.0024508405,-0.0006089961
580,0.0052168393,-0.002808505,0.0013280964,0.0026101943,-0.0026374178
581,0.002128399,-0.0023786444,0.0011042586,0.0030715605,-0.002431212
582,0.004011097,-0.002685948,0.0015625209,0.0022029947,-0.0022810756
583,0.0031987014,-0.0025893415,0.0024186254,0.0033137721,-0.0018610383
584,0.0035113925,-0.0031549959,0.0025473617,0.002619555,-0.002752178
585,0.0037430474,-0.0015386797,0.0018411959,0.0031850627,-0.0019017117
586,0.0024721946,-0.0013251986,0.0011783085,0.0014362034,-0.001277281
587,0.003875857,-0.004374225,0.0019491346,0.0012002031,-0.0015970429
588,0.0045164605,-0.0034902242,0.001542591,0.0036158198,-0.0015776053
589,0.00095543993,-0.001898921,0.00043586653,0.0022493512,-0.00079588377
590,0.0037824973,-0.004114019,0.0017101055,0.0024246674,-0.0022174607
591,0.0030925605,-0.0034072448,0.0018178682,0.0033120997,-0.002996455
592,0.00147892,-0.0020987322,-0.0003137854,0.00019896564,0.00014954778
593,0.0025852276,-0.0024946989,0.0011989975,0.004254843,-0.0013849579
594,0.004837451,-0.0038058956,0.002870963,0.0039032323,-0.003816885
595,0.0039204457,-0.0024473704,0.0029881548,0.0026861099,-0.002016727
596,-0.0016046824,0.0021650759,-0.0014218099,-0.0012970818,0.00026260395
597,-0.0031150635,0.0001200822,-0.0013959177,-0.002252179,0.0012584174
598,0.0008715438,-0.0013459172,0.0001710478,-5.0764113e-05,-0.0007412817
599,0.008211687,-0.005825812,0.0059069935,0.0054137716,-0.0043284073
600,0.0049813655,-0.004028728,0.003525292,0.003862423,-0.0029682647
601,0.0015656865,-0.0038484752,0.002677236,0.0021091362,-0.0011981374
602,0.0055910754,-0.00563019,0.0036476192,0.0045627635,-0.002201789
603,0.004112579,-0.0022338466,0.0017113168,0.0019832032,-0.0006743448
604,0.0070076147,-0.0023505392,0.002254682,0.0024630274,-0.001554281
605,0.004802014,-0.003197505,0.0024771267,0.001851984,-0.00078946585
606,0.004760703,-0.0044058277,0.003065364,0.0040497384,-0.0019843678
607,0.003153718,-0.0018200568,0.0015589285,0.0022901772,-0.001847073
608,0.004003212,-0.002632897,0.0023100819,0.004440701,-0.00111992
609,-0.0017510144,0.0008009856,-0.00038446448,0.0002253813,0.00054773886
610,0.003260408,-0.0027199148,0.0014600544,0.0024002963,-0.002396484
611,0.005817837,-0.0051648975,0.0031430104,0.0046569197,-0.0028081434
612,0.005665452,-0.0035644695,0.003181701,0.004814463,-0.002270133
613,0.0033395293,-0.0029737246,0.003640411,0.0038870268,-0.0018999018
614,0.0055277837,-0.006146284,0.004836377,0.005248785,-0.0033914542
615,0.0016344317,-0.0028410929,0.0022963176,0.0021506243,-0.0009893103
616,0.0044085053,-0.0024455292,0.0010716232,0.0025777174,-0.0013025497
617,0.0010679776,-0.0011634361,0.0023742435,0.0031842068,-0.0013540009
618,-0.00024504322,0.0006343733,-0.0011589066,0.00058111775,3.7631282e-05
619,9.3142145e-05,-0.0015123478,0.00056837057,2.2875105e-05,-0.0014670293
620,0.0068208743,-0.004717349,0.00357885,0.0035356272,-0.0035900155
621,0.004975601,-0.0033951532,0.0034075663,0.0032310046,-0.002871984
622,0.008638911,-0.007745004,0.005417357,0.007209191,-0.0041948124
623,0.006080749,-0.005722601,0.0036614693,0.005366175,-0.0030815392
624,0.0057366723,-0.0044026054,0.002277295,0.0031887607,-0.0023845572
625,0.0027095722,-0.003024835,0.001958136,0.0033522197,-0.0025767642
626,0.0013168041,-0.0012848013,0.0022601676,0.0007627688,0.001121294
627,0.0027325756,-0.0025389334,0.0029166737,0.000659323,-0.0020916713
628,0.0067636753,-0.0028270266,0.0024372095,0.0030401023,-0.0016134585
629,-0.000936356,-0.00025914682,-0.0020720987,-7.227672e-05,0.0011650417
630,0.0025258337,-0.0025326933,0.0013357346,0.0017778613,-0.0016835433
631,0.0013561342,-0.0018534453,0.0012644775,0.001091744,-0.0007897508
632,0.0040606554,-0.0024174664,0.0013047081,0.0022318745,-0.0017306396
633,0.0052063437,-0.003086901,0.0025617427,0.0028151528,-0.0016473291
634,0.0043740515,-0.0044213436,0.0027765937,0.0016420118,-0.0024986293
635,0.005736207,-0.0061753355,0.005206514,0.0043256544,-0.0040827724
636,0.0048268302,-0.002666149,0.0038152228,0.0021274656,-0.0016549543
637,0.00326541,-0.0026660778,0.0028774636,0.0032938526,-0.0032036407
638,0.0030527883,-0.0034609823,0.0025977574,0.0025002216,-0.0012445683
639,0.0018210609,-0.0018255098,0.0005668982,0.0008391278,-0.00067020446
640,0.0056787585,-0.0056564356,0.0046407776,0.003845035,-0.0017673628
641,0.0011947829,-0.0011297587,0.00078182307,0.00045572553,-0.0012748439
642,-0.00021363402,-0.0032458564,0.0024231449,0.0021830418,-0.0019535345
643,0.0029238514,-0.00216189,0.00092513,0.0027959053,-0.0014468958
644,-0.00023367675,-0.00096917426,0.0016607097,0.0011147193,-0.0006871803
645,0.0031873004,-0.0042441864,0.0019604366,0.0026600529,-0.00269778
646,0.004039666,-0.006120787,0.002111516,0.0033604566,-0.001055809
647,0.0034072793,-0.005218256,0.0045369957,0.0030968697,-0.001204427
648,0.002825872,-0.0024339545,0.0017519068,0.0033801005,-0.0011670232
649,-0.0007521824,-0.00041458211,-0.0008202907,0.00012933122,0.0006922044
650,0.0021277145,-0.0031680504,0.0016537935,0.0004549257,-0.0022969258
651,0.00029270814,-0.0013280838,0.000566716,0.0017602111,-0.0018282301
652,0.004884924,-0.0036913324,0.0023333204,0.0031333496,-0.00088431145
653,0.0045934585,-0.003867812,0.0046141893,0.0029147167,-0.0025316537
654,0.0031114244,-0.004182683,0.0015057935,0.0024376272,-0.002421431
655,0.0030684192,-0.002871488,0.0017294653,0.0012380664,-0.0014874215
656,0.007901962,-0.005957572,0.006083037,0.0058082687,-0.0039830734
657,0.002834921,-0.0029321564,0.00028677855,0.0022787657,-0.000971355
658,0.00407912,-0.002701029,0.003704952,0.0021752308,-0.0025134569
659,0.0045896163,-0.003736966,0.0025997423,0.003424199,-0.00086564705
660,0.0073312977,-0.0038098458,0.0051128664,0.005156931,-0.0021678414
661,0.004585857,-0.0024639885,0.0033162946,0.0020602026,-0.0015692047
662,0.0030930873,-0.0032564509,0.0038791785,0.0025044873,-0.0027900143
663,0.0022553941,-0.0019043626,0.002305896,0.0009773804,-0.0007174385
664,0.006291485,-0.004750576,0.0030054417,0.004094841,-0.004027732
665,-0.0015869514,2.5738324e-05,-0.0006378337,-0.00052914163,-0.00047521514
666,0.0057075312,-0.0038384981,0.0020913372,0.0020518138,-0.0030130236
667,0.0028844522,-0.0040855687,0.0031958935,0.0016408892,-0.0028724181
668,0.0017900411,-0.0029305476,0.0016067169,0.0024501556,-0.0014141772
669,0.005000293,-0.0027010322,0.0031722065,0.0027618192,-0.0014734134
670,0.0036272467,-0.0034008753,0.0020917268,0.0030549222,-0.0016444648
671,0.003329163,-0.0037784015,0.002599808,0.003069712,-0.0034536787
672,0.003082958,-0.0038710367,0.002483067,0.0017063522,-0.0020644679
673,0.001446902,-0.0022711689,0.0005585674,0.0018175009,-0.00045690202
674,0.007959494,-0.004209723,0.0023654776,0.004633246,-0.0021072037
675,0.0037476,-0.0026382264,0.0022305732,0.0022592645,-0.0019372215
676,0.0023404474,-0.00036263702,0.0006308852,0.0014450932,-0.0015814832
677,0.0040317522,-0.0022956948,0.0031900515,0.0027884638,-0.0016587522
678,-0.0030019255,0.0018394047,-0.0029672503,-0.001902043,-0.0001979962
679,0.003647394,-0.0030488654,0.0011471715,0.0034927293,-0.003141415
680,0.0030986182,-0.0024368085,0.0028217167,0.002300719,-0.0022696368
681,0.0041936864,-0.0036285263,0.0021921617,0.0034609125,-0.0034011784
682,0.00030245518,-9.690362e-05,0.00075843406,0.0006313285,3.2762484e-05
683,0.0031822757,-0.002819137,0.0025438776,0.0026233343,-0.0018224976
684,0.004030293,-0.0030159997,0.0010719998,0.0022402261,-0.0015393998
685,0.0042666616,-0.0030462649,0.002618144,0.0023099403,-0.0016981818
686,0.0050408016,-0.0032577575,0.00035944415,0.0021480825,-0.00086207374
687,0.001581815,-0.0020325673,0.0007720389,-0.00063463656,-0.0011472133
688,0.0043485733,-0.003567078,0.003864018,0.0022618265,-0.0010693431
689,0.0048016896,-0.0039112,0.0037324463,0.0053618364,-0.002070395
690,0.004225191,-0.004094567,0.0028816643,0.0018674196,-0.0020143294
691,0.0034426982,-0.0041602594,0.0035006749,0.004668483,-0.0029044861
692,0.007157232,-0.005419186,0.003828085,0.0045498353,-0.0035223837
693,0.0049772365,-0.005225719,0.0028070516,0.004266058,-0.0028062323
694,0.0033477661,-0.003581389,0.0030802696,0.002088063,-0.0021009669
695,0.0037578465,-0.0029611262,0.0027122388,0.0031600846,-0.0019255684
696,-0.0020732714,-0.00016478023,0.00011737611,-0.0016442848,0.00036713816
697,0.0035843628,-0.0028039855,0.0015382981,0.0027215374,-0.0020082754
698,0.0019096779,-0.0012197412,0.0003941934,0.0012758904,-0.0018766321
699,0.0028119239,-0.0035416612,0.0016528581,0.0020501749,-0.0010740836
700,0.004736791,-0.0023421557,0.002989848,0.0023037521,-0.0024377035
701,0.0028993979,-0.0024096526,-0.00015796462,0.0015096926,-0.0011868718
702,0.0021681727,-0.0012708312,0.0008674992,0.0022995682,-0.0011521728
703,-0.00021989363,0.0011822187,-0.001447559,-0.0007856191,0.0008105589
704,0.00877528,-0.0071733226,0.0056444397,0.0065278467,-0.0034323859
705,-0.0018889671,0.0005754344,-0.0013892709,-0.00070984015,-5.66947e-05
706,0.0031835015,-0.0019322721,0.0016671423,0.0025211754,-0.0009873371
707,0.009144087,-0.0062275585,0.0059537194,0.005980335,-0.004414464
708,0.003369802,-0.004101189,0.002446226,0.002955452,-0.0027378632
709,0.004133527,-0.0021576649,0.0034318895,0.0035527027,-0.0022535028
710,0.005472529,-0.0034487674,0.0021564625,0.0040966417,-0.0016287087
711,0.0038520866,-0.0028798229,0.0028012677,0.0026904386,-0.0032374002
712,0.006375712,-0.005137768,0.004175522,0.0038093368,-0.0021675301
713,-0.0012142657,0.0012497414,-0.00065203645,-0.0006629961,-0.00038254115
714,0.0036851976,-0.0044257105,0.003199833,0.003607477,-0.0017456742
715,0.005092248,-0.002915048,0.0039253845,0.0041129095,-0.002234666
716,0.00276637,-0.004687155,0.0017840774,0.0031999215,-0.0026364718
717,0.006347117,-0.0055183414,0.003956656,0.0038427191,-0.0049383314
718,0.0024905838,-0.0014033283,0.0018860599,0.0012833488,-0.0010819366
719,0.0049921945,-0.0029733311,0.0037017514,0.0030699796,-0.0019363688
720,0.0030722513,-0.0056387214,0.0024561153,0.0024811248,-0.0021865154
721,0.00828662,-0.0065566115,0.0062332214,0.0056238584,-0.004211383
722,0.0041580847,-0.0030314815,0.004971905,0.004373318,-0.0026841606
723,0.0044523496,-0.0042823264,0.0032339343,0.0021140822,-0.002324429
724,0.002410101,-0.0028282646,0.0022853129,0.0030954916,-0.0020017102
725,0.0037994294,-0.0033224672,0.0013939935,0.0026084012,-0.001151552
726,0.0050325394,-0.0047011403,0.0027929198,0.0036981008,-0.0025061772
727,-0.00470615,0.0023175098,-0.0030362094,-0.004112892,0.0035040185
728,0.0051762615,-0.003435057,0.0006829628,0.0023851409,-0.0018249061
729,0.0023254228,-0.00012798328,0.002400716,0.0015494445,-0.0018528993
730,0.0036595594,-0.004157762,0.0011336281,0.0018921029,-0.0020011265
731,0.004509675,-0.0031234145,0.0030093207,0.001712969,-0.002528389
732,0.0020623342,-0.0030470064,0.0018951517,0.0018459009,-0.0018381332
733,0.005026843,-0.0026365207,0.002253475,0.0036419155,-0.0026433787
734,0.0029577245,-0.004278006,0.0028182587,0.0031154223,-0.0028633461
735,0.0020056907,-0.0026514651,0.0005393434,0.0021240644,-0.0016067444
736,0.0009568715,-0.0011015894,-0.00018606246,0.0017225309,-0.0006191736
737,0.0011026721,-0.0026989426,0.0011189996,0.0005926419,-0.0016210715
738,0.0027725084,-0.004488488,0.0029333625,0.0024131907,-0.0015769522
739,0.0037094452,-0.003710933,0.0021704752,0.0038916438,-0.0024604697
740,0.0019787084,-0.0030742036,0.00090414146,0.0026660142,-0.0013733773
741,0.0017306524,-0.0013391492,0.0020167634,0.0015644277,-0.0022462492
742,-0.0011649296,0.00019996354,0.00019345412,0.0012568061,-0.00038684916
743,0.0040251464,-0.0034317377,0.0021556318,0.0042156177,-0.0012053053
744,0.0032502413,-0.0032375476,0.0032301,0.0026897602,-0.0018772938
745,0.004940516,-0.0028721243,0.0031991762,0.0040020766,-0.0025939876
746,0.0054423655,-0.004260634,0.0009605438,0.0019357882,-0.0025746557
747,0.004354807,-0.002593601,0.0016678361,0.0023181145,-0.0019701147
748,-0.0020959338,0.0027786691,-0.004188365,-0.002140167,0.001530671
749,0.0076616458,-0.0048044953,0.0016001712,0.0022550023,-0.0031224436
750,0.0029955115,-0.0026105382,0.0024024684,0.0032100375,-0.0013814607
751,0.0023991154,-0.0039159167,0.0024083995,0.0027728856,-0.00071159936
752,0.0061470843,-0.003672828,0.00204475,0.0030670352,-0.0021528262
753,0.00063867494,0.00037643462,0.00022292428,0.00040650202,0.001291549
754,0.0037111815,-0.003644178,0.0028107895,0.0022319208,-0.0032579703
755,0.003239882,-0.0033853594,0.0031551968,0.0017528791,-0.0031134065
756,0.0036875464,-0.0020861784,0.0011645892,0.0018888923,-0.0018897303
757,0.0023514475,-0.0021171693,0.0009659662,0.0031996951,-0.0026899802
758,0.002089012,-0.0004918126,0.00043053564,0.0006191223,-0.00032577172
759,0.0029993383,-0.003047114,0.0020712945,0.0033888617,-0.002324421
760,0.007776878,-0.005879617,0.005042842,0.0037741084,-0.003238437
761,0.0037163193,-0.0037771456,0.0033525324,0.0035796082,-0.0019842298
762,0.00010077941,0.00013961601,6.709443e-05,0.00036466733,0.00033450828
763,0.0038126742,-0.0033576102,0.0017346719,0.0020028178,-0.0032234634
764,-0.0017289503,0.00049239607,-0.00060930866,-0.0013433081,0.0010999163
765,0.0048391144,-0.0022769028,0.0022324126,0.0034369049,-0.002982182
766,0.0031034183,-0.0028256187,0.0022252514,0.0022836137,-0.0011019583
767,0.0035586795,-0.003800875,0.0016597179,0.0018587572,-0.0011420426
768,0.0001436054,-0.0021166827,0.0005822801,0.0006752921,-0.0010900465
769,0.004507075,-0.005463367,0.0032274325,0.0046996144,-0.0028577384
770,0.004322702,-0.002115613,0.002217336,0.0032022027,-0.0014892371
771,0.006335907,-0.0043336833,0.0027567206,0.00410008,-0.0028654677
772,0.007831338,-0.0058339387,0.0035412877,0.0028431343,-0.0036636237
773,0.0022019243,-0.0022394045,0.0014237323,0.0015126513,-0.00033633152
774,0.0017105854,-0.0015826218,0.0024617806,-0.0001002305,-0.0017330567
775,0.0027597111,-0.0016541291,0.0010939238,0.0013605427,-0.0016808419
776,0.0055581112,-0.003590842,0.0024519076,0.0036690873,-0.003035232
777,0.003064522,-0.003777428,0.0017274381,0.0020616662,-0.001717938
778,0.0023975254,-0.0012830413,0.00038383683,0.0005279203,-0.0017804407
779,0.005027549,-0.0033547082,0.0022655101,0.0033277087,-0.0021076153
780,0.00043163673,-0.0014773738,0.00027278686,0.00048492564,-0.0008157741
781,0.0019191112,-0.0018090027,0.0021212848,0.002326188,-0.0020815697
782,0.0055356985,-0.00565062,0.0031737916,0.004924459,-0.0028587307
783,0.0016765717,-0.0017576708,0.0013351447,0.0007956694,-0.0008215342
784,0.005918885,-0.0046076165,0.004663915,0.0037327504,-0.0034859197
785,0.007845532,-0.0035643163,0.004423896,0.002128138,-0.003167064
786,0.005267581,-0.0034206128,0.0024335978,0.004231911,-0.0028508143
787,0.0013943414,-0.0027963445,0.0013157233,0.0029147698,-0.0013336672
788,0.004163385,-0.0034998164,0.0024732586,0.0037172819,-0.0013217466
789,0.0042996434,-0.003194781,0.0036204918,0.0034758803,-0.001842639
790,0.00620821,-0.004638022,0.004289364,0.004004555,-0.002773451
791,0.0029701737,-0.0031463841,0.0037930284,0.002420985,-0.0015023391
792,-0.001567908,-0.000138217,-0.0022715258,0.0008040067,-0.00018658896
793,0.005880302,-0.0039486857,0.002301634,0.0027992632,-0.0023002108
794,0.004205427,-0.0008512877,0.0010165389,0.001136249,-0.0023686711
795,0.002360233,-0.0014281663,0.0013817996,0.0010048919,-0.0010639862
796,0.00290113,-0.0029150944,0.0014063409,0.00045963196,-0.000865216
797,0.004080709,-0.0028220594,0.0030737338,0.0021443188,-0.0010344391
798,0.004523552,-0.004406617,0.0037260226,0.0043504937,-0.0027995408
799,0.0008465308,-0.00031966806,-0.00072224333,0.0004370196,0.00068637583
800,0.0016364242,-0.001911407,0.0013844315,0.0006720005,-0.0011800143
801,0.0040586013,-0.003006557,0.002633987,0.0026498148,-0.002215351
802,0.0042935517,-0.0027182102,0.002540231,0.003012244,-0.0013452326
803,0.0057579083,-0.004205766,0.0038897665,0.0013787121,-0.0024983375
804,0.004840801,-0.0017803713,0.0015032399,0.0011891123,-0.0021542348
805,0.0038203346,-0.0016888587,0.002273521,0.0030255606,-0.0022277965
806,0.0034292531,-0.0012816831,0.0007762375,0.00070557697,-0.0010249952
807,0.004199959,-0.0031274098,0.0042235535,0.0021925461,-0.0021542397
808,0.002667069,-0.002749682,0.00074356486,-0.0003966359,-0.001033477
809,0.0024857712,-0.0018093388,0.0027262545,0.0027291013,-0.0021516827
810,0.0044225827,-0.0052237273,0.0049233474,0.003948648,-0.0028679597
811,0.0029270563,-0.0031652427,0.0019968299,0.0019038791,-0.0013726389
812,0.003678484,-0.004309485,0.0008151368,0.0032318004,-0.0021475316
813,0.0014968641,-0.002177855,0.0029063679,0.0017428666,-0.0016659123
814,0.00044216219,0.00046540282,0.00033754553,-0.0011830626,-0.0014051859
815,0.0026270538,-0.0030902894,0.0012730174,0.0026812495,-0.0012145976
816,0.006764946,-0.0037260589,0.004486857,0.004494296,-0.004608039
817,0.0023867423,-0.0017323215,0.000831002,0.0021789058,-0.0015478937
818,0.0015221336,-0.0028076337,0.00091285974,0.0029353572,-0.0005119722
819,0.0040212437,-0.0030168493,0.001958715,0.0029574027,-0.0026003784
820,0.00087838434,-0.0043947464,0.0011049884,0.0015454919,-0.0018843152
821,0.002372408,-0.0029120308,-0.00019890988,0.0012637799,-0.0003530598
822,0.0042607905,-0.0043886607,0.0035674076,0.0036465398,-0.0020467774
823,0.0035130742,-0.0019539983,0.002278416,0.0023672148,-0.0023456407
824,0.0039276243,-0.003378063,0.0010747999,0.0020738177,-0.0010257702
825,0.0066449726,-0.004822633,0.004388453,0.0038334255,-0.0047122613
826,0.0021859452,-0.0034369815,0.0033541564,0.0032805628,-0.0024587861
827,0.0045638857,-0.005476309,0.0027379342,0.0030424853,-0.0029886821
828,0.0026443973,-0.0030633784,0.001699624,0.00084157864,-0.0018193657
829,0.005998236,-0.0036663816,0.0035872573,0.002068743,-0.002259062
830,0.002853062,-0.0037414066,0.0010009082,0.0013983598,-0.0010805804
831,0.0037831445,-0.0026903253,0.0013000066,0.0024756456,-0.0018365209
832,0.003242587,-0.0032361508,0.0011661944,0.0020063021,-0.00058556773
833,0.0077435924,-0.006474214,0.0059581986,0.0050352598,-0.003974794
834,0.004802497,-0.0023421363,0.0024049107,0.0020817379,-0.001995275
835,0.004305964,-0.003933442,0.0018812703,0.0038118686,-0.0020658786
836,0.0033240009,-0.003719759,0.0043684575,0.0023492463,-0.0019349604
837,0.0025707842,-0.004815883,0.0020153967,0.0026984743,-0.0029773898
838,0.0038671086,-0.0030415151,0.001705975,0.0021160457,-0.001143977
839,0.00084811985,-0.0014177093,0.00057334616,0.0023800945,-0.00018225508
840,-7.5289005e-05,-0.0011923494,0.0002463356,-0.00042691675,-0.0002309192
841,0.0046624504,-0.0009968054,0.0030706595,0.001637767,-0.0025538467
842,0.0049387277,-0.0067640645,0.003183905,0.0031254904,-0.0033883
843,0.0010098591,-0.0028816178,0.0007840251,0.00016288004,-0.0013134544
844,0.0039182846,-0.0035517118,0.00239873,0.0010740653,-0.0012392187
845,0.0023405054,-0.0026298028,0.0011684959,0.0028165854,-0.0018117145
846,0.00391357,-0.00332597,0.0026005919,0.0019826125,-0.0012510829
847,0.004102358,-0.0056367274,0.0027232247,0.0018973611,-0.0028425632
848,0.0042294497,-0.0053067007,0.004341598,0.0034087868,-0.00211488
849,0.008448988,-0.0053661894,0.00474116,0.0059518297,-0.0038605006
850,-0.0019396555,0.002108833,-0.0033646112,-0.0026725354,0.0015853947
851,0.005990952,-0.0053626075,0.003593137,0.0032014197,-0.0033677344
852,0.0045752022,-0.0040443284,0.0021024023,0.0027375475,-0.0022747838
853,0.0023231055,-0.0031959182,0.0027292243,0.0032353017,-0.0026501573
854,0.0022793624,-0.0029819766,0.00093199505,0.0029545282,-0.0017396522
855,0.003003349,-0.004390437,0.0027412686,0.0028725814,-0.002485937
856,0.0027804566,-0.0010472031,0.0012194869,0.00078813324,-0.00064402254
857,0.0045708274,-0.0033484176,0.002099424,0.0013991003,-0.0017256914
858,0.0035750144,-0.0014527163,0.0025982724,0.0022063125,-0.0016943992
859,6.1183506e-05,-0.001357772,0.00064455025,0.00015876578,0.00018768215
860,0.0062945816,-0.0048438674,0.0032317615,0.004415312,-0.0034153783
861,0.003679779,-0.00096941576,0.0032226383,0.003527255,-0.0012349477
862,0.00032385538,-0.0013397257,-0.00041156335,0.0022659767,-0.0013930154
863,0.005394399,-0.005333595,0.003907165,0.00427943,-0.0030586363
864,-0.001614083,0.0008878052,-0.0012250303,-0.0006309473,-0.00011193702
865,0.0048687384,-0.0043049604,0.0027441499,0.003939092,-0.0027507022
866,0.0023431322,-0.0024752151,0.0021977478,0.0038604676,-0.002826247
867,0.0038564452,-0.0038022168,0.002778108,0.0024502284,-0.00043075712
868,-0.0045177317,0.0031159134,-0.004184692,-0.0025332752,0.0003248861
869,0.0012972536,-0.0015592974,0.0011527843,0.0026412446,-0.002143818
870,0.0053387485,-0.004509471,0.0036838534,0.0032261463,-0.0025957737
871,0.0020951,-0.0017315472,0.0015618945,0.00020120485,-0.00081713137
872,0.004958523,-0.002906543,0.002431118,0.0018569038,-0.0030898952
873,0.0025857843,-0.0021952337,0.0027811443,0.0029483475,-0.0016666435
874,0.004261007,-0.0033127044,0.0024350171,0.0003833851,-0.002067952
875,0.003919802,-0.003262045,0.0034764127,0.001744434,-0.0011584552
876,0.0049203834,-0.004055351,0.004256228,0.0024570182,-0.002961666
877,0.003738645,-0.0022531627,0.002692067,0.0021869747,-0.0027633049
878,0.002885821,-0.0039081653,0.0034375128,0.0023355912,-0.0020115818
879,0.008417647,-0.0077888602,0.006033994,0.0059220255,-0.004280631
880,0.00017647815,-0.0019156906,-0.00045940574,0.0010663555,-0.0007339893
881,0.0053769504,-0.0030306936,0.0041338047,0.0024178638,-0.0030484628
882,0.0038398497,-0.0029252914,0.00456189,0.0032315496,-0.0035812985
883,0.0045578405,-0.004214699,0.0033007471,0.0034895316,-0.0023884648
884,0.004382778,-0.004108791,0.0013700116,0.0026603998,-0.0033525636
885,-0.00081587705,-0.00027117666,0.00013968654,0.0015526279,6.640695e-05
886,0.0010645575,-0.0013709351,0.0021898993,0.001184327,-0.0026346515
887,0.006728495,-0.0041273,0.005232462,0.0042228615,-0.0021547603
888,0.005729139,-0.0036745165,0.004305931,0.003404937,-0.0019891625
889,0.0020811697,-0.0028746536,0.0026571294,0.0023974983,-0.0028513477
890,0.006093617,-0.0035575924,0.0014027522,0.0017265724,-0.0022029486
891,0.0024894788,-0.0009981967,0.0023809592,0.0025536595,-0.0017685423
892,0.005566107,-0.0046106544,0.0042274203,0.0045061302,-0.003838564
893,0.0006305128,-0.0015285135,-0.0003886051,0.0005266331,-0.0018340816
894,0.0029098126,-0.0026345144,0.0004000492,0.0023805776,-0.0032739262
895,0.0016189717,-0.0023069063,0.00047145353,0.001887913,-0.0023946343
896,0.006714471,-0.0048547243,0.0042972765,0.0028127797,-0.002732134
897,0.0014315067,-0.0017561694,0.0031276713,0.003556929,-0.0026740103
898,0.004458442,-0.0041297455,0.0021295848,0.0031503234,-0.0016274457
899,0.0021475826,-0.0034258135,0.0020364057,0.0036082831,-0.00298293
900,0.0026763873,-0.0029616521,0.00045992553,0.0036003883,-0.001629827
901,0.002746617,-0.0029220206,0.0022982336,0.004510537,-0.0028045024
902,0.0026760795,-0.0027630252,0.002700512,0.0025649983,-0.003007974
903,0.0024147886,-0.0015033842,0.0018353282,0.0028778957,-0.0013454963
904,0.0027570515,-0.0036851938,0.0022476336,0.0033188874,-0.00072162435
905,0.0052941088,-0.0017301737,0.0015670803,0.0034750674,-0.0021604975
906,0.0025861857,-0.0030866044,0.0018295038,0.0016752249,-0.002415466
907,0.0057556513,-0.0017635057,0.0030689202,0.003845676,-0.0009656214
908,0.00014257684,-0.0019400539,0.0006420422,0.0011843948,0.0013468477
909,-0.0027804633,0.00087632576,-0.0023383363,-0.0010406121,0.0016223828
910,0.007548279,-0.006664275,0.005689917,0.0046622884,-0.0033357027
911,0.0014991187,-0.002000264,0.0019574359,0.0021949604,-0.0010337328
912,0.0012052679,-0.0025640328,0.00059254613,0.00022831249,-0.00076686183
913,0.0022989996,-0.003331313,0.0024026837,0.003887118,-0.0023484018
914,0.0029622654,-0.0031913908,0.001523638,0.001568039,-0.0016718451
915,0.0033654633,-0.0037248346,-0.0004140286,0.0012684335,-0.0020031873
916,0.0028193553,-0.0038689226,0.002086178,0.002876843,-0.0026842249
917,0.004795398,-0.0055124043,0.0034126418,0.0037513943,-0.0031715415
918,0.0024505043,-0.0013506827,0.0018332476,0.0012307807,-0.0020319421
919,0.0020142128,-0.0023475892,0.0026361414,0.0034439126,-0.0012203909
920,0.0061073992,-0.0050666337,0.0036437202,0.0031290695,-0.0034596457
921,0.005967145,-0.0046151476,0.0035253493,0.0024915298,-0.0017963101
922,0.0017463779,-0.0015802837,0.0014148534,0.001578255,-0.002086073
923,0.0022721766,-0.004168903,0.002596265,0.0025507996,-0.0022351397
924,-0.00078341307,0.0011489762,-0.00029049593,-0.0008517533,0.0016873458
925,0.0040348307,-0.0035254979,0.0013866802,0.0019225883,-0.0016783928
926,0.0024574993,-0.00418355,0.0031257363,0.0024654174,-0.0011445055
927,0.00063207216,-0.0020447827,0.0021697734,0.0030160097,-0.001983155
928,0.009149508,-0.0075369347,0.00601273,0.007097091,-0.0056087766
929,0.002645546,-0.0030480507,0.0007910698,0.0019222609,-0.0015935049
930,-0.0020396071,-0.00045100474,-0.003369257,0.0011657903,0.0007832585
931,0.0036969152,-0.0040486804,0.002192756,0.0025322898,-0.0022072403
932,0.0039851475,-0.002219735,0.0027575453,0.0028402114,-0.0017968101
933,0.0037193291,-0.0018553181,0.0009995281,0.002893041,-0.0025441905
934,0.005115699,-0.001535842,0.0021688056,0.0023344865,-0.0014401219
935,0.00325306,-0.0033091323,0.0022473552,0.002203107,-0.003601273
936,0.0060504586,-0.0055489186,0.003693244,0.0039404817,-0.0025866462
937,0.0022088978,-0.0021099583,-0.00028173838,0.0013015826,0.00027660717
938,0.004963468,-0.0030161717,0.0019181126,0.0045551583,-0.0014308932
939,0.0040370855,-0.0035875917,0.0009779112,0.0013781405,-0.0011346723
940,0.0046832347,-0.003456671,0.0032129083,0.0039892797,-0.0023527257
941,0.0027508538,-0.003097359,0.0024363152,0.0019281752,-0.001745974
942,0.0041069146,-0.0013215733,0.0011642658,0.0012283174,-0.0016781751
943,0.0017435753,-0.0023451743,0.0033229615,0.0035324271,-0.00048288784
944,0.007168142,-0.0052113445,0.003675026,0.005152649,-0.0039644036
945,0.004596629,-0.0024641159,0.0026625665,0.0028622006,-0.0010812288
946,0.0020300944,-0.0033054622,0.00086417596,0.0018604492,-0.001911342
947,0.0042855013,-0.0027180505,0.0019113653,0.0015407364,-0.0021190448
948,0.007233341,-0.004342499,0.004070178,0.0036531542,-0.0038013707
949,0.0021735136,-0.0011725525,0.00088819355,0.0015694093,-0.0025334593
950,-0.0017740967,0.00080028246,-0.00092703063,-0.00034638174,0.000395779
951,2.1200209e-05,-0.0005536237,-0.0011254753,-0.0010818025,0.00019863571
952,0.0019093193,-0.0025160108,0.0019133025,0.004176289,-0.0018471585
953,0.00017429376,0.00075145153,-0.00012684628,0.00037769528,-0.0017110349
954,-0.00033123948,-8.64932e-05,0.0017303864,-5.8636077e-05,-0.0007558817
955,0.0040962882,-0.0025706345,0.002587345,0.0025279557,-0.0028224462
956,0.0027711187,-0.002634049,0.0006182847,0.0017691918,-0.0017881145
957,0.003790326,-0.002902769,0.003392474,0.0029509438,-0.0023596731
958,0.002927801,-0.0048332037,0.002631859,0.0030795082,-0.0018259104
959,0.004344116,-0.0033848293,0.0017022336,0.0025076282,-0.0016477103
960,-0.00095383567,-0.0015927011,0.0014462302,0.00041516908,-0.0007149825
961,0.005705039,-0.003867312,0.0041477513,0.0041264407,-0.0031458465
962,0.003608264,-0.0027164535,0.0030575735,0.0030819199,-0.001775831
963,0.00713905,-0.005930775,0.003952746,0.0032831288,-0.003510294
964,-0.004746138,0.003212499,-0.002556603,-0.002532218,0.002423969
965,0.003404287,-0.003571577,0.0027660253,0.0037729926,-0.00026176922
966,0.0036698992,-0.004387509,0.0030620217,0.0024121003,-0.0023868715
967,0.0030786719,-0.003043526,0.0025607226,0.0016113218,-0.0028299356
968,-0.0024711012,0.0014549146,-0.0013670758,-0.0020981093,0.0008206363
969,0.0052139647,-0.0033262977,0.0026805797,0.003184937,-0.0022373332
970,0.0034217464,-0.0023049458,0.0010758784,0.0032925874,-0.0015352174
971,0.0053881174,-0.0022667928,0.0024332416,0.0032286467,-0.0011426581
972,0.006502659,-0.0051942905,0.0040348466,0.0037072378,-0.0024014362
973,0.006179809,-0.00468068,0.0043489872,0.005610906,-0.0023831425
974,0.002300266,-0.0032598004,0.0011459691,0.0026580933,-0.0022117363
975,0.002836226,-0.002615173,0.0019270596,0.0031289824,-0.0022926815
976,0.003825978,-0.002947132,0.0025736992,0.004486768,-0.0017642364
977,0.0025221414,-0.0019735806,0.0019363335,0.0021757772,-0.0027175038
978,0.004490308,-0.003943075,0.0017984889,0.0006452318,-0.0009266764
979,0.0056670485,-0.0033752979,0.002378162,0.0029184702,-0.0023922746
980,0.003730226,-0.0034645326,0.0039207144,0.002340401,-0.0025150387
981,-0.0018098699,0.0011305235,-6.9495196e-05,-0.0011382526,-0.0013026341
982,0.0036487484,-0.0033788274,0.0029242244,0.002818222,-0.0016977413
983,0.004819206,-0.004234451,0.0020682847,0.0034614273,-0.002519449
984,0.0031588548,-0.0027290091,0.002365661,0.0021907475,-0.0019762095
985,0.004577338,-0.005763637,0.0039092805,0.0042418707,-0.002246788
986,0.00027540844,-0.0010256298,-0.000260309,-0.00030244593,-0.0014806049
987,0.003471491,-0.0037892163,0.0038708616,0.0029702806,-0.002404839
988,0.004379456,-0.0028089504,0.0028894166,0.0045197397,-0.0018800774
989,0.00010682718,-0.0035113376,0.00012972846,0.00022734546,-0.0016170952
990,0.0028942877,-0.0016830943,0.0017552482,0.0012875248,-0.0022549778
991,0.003371158,-0.004667241,0.0027131664,0.0022485708,-0.0028986428
992,0.005198527,-0.003135282,0.004015697,0.003454245,-0.0028320313
993,0.0009437203,-0.002524542,0.0022139354,0.0029319602,-0.0011985186
994,0.0027019423,-0.002322707,0.0040662736,0.0028363797,-0.0019885546
995,-0.005493399,0.0021877193,-0.0050725616,-0.0026467144,0.0009347736
996,0.006927513,-0.0046959743,0.0038345924,0.0028835817,-0.0023046075
997,0.0021991692,-0.0034708495,0.0020581973,0.00014361314,-0.0019010439
998,0.0084139425,-0.007320229,0.004259498,0.005418524,-0.0042241164
999,0.0034005898,-0.0032155972,0.0020512065,0.0026927923,-0.0006257176
1000,0.0074224747,-0.005691374,0.0053491457,0.004438047,-0.0028829817
1001,0.003284029,-0.0024063103,0.002708077,0.0026901914,-0.003048286
1002,0.0028863451,-0.0025862975,0.0036821337,0.002367095,-0.0025227212
1003,0.0023135592,-0.0027313663,0.0020625084,0.0031038555,-0.0025552523
1004,0.002606116,-0.0023863723,0.0037420616,0.0024119553,-0.0030363775
1005,0.0055692913,-0.0051076664,0.0032192357,0.003253793,-0.0033204155
1006,0.0059680548,-0.0036961224,0.0026113107,0.0025106634,-0.0021190597
1007,0.009004693,-0.007474184,0.0064407457,0.0045808395,-0.003339323
1008,0.003668764,-0.003522237,0.00380995,0.002381747,-0.0033038356
1009,0.0044049537,-0.003240219,0.0024513828,0.0027305584,-0.0020517164
1010,0.005149424,-0.005930747,0.004563254,0.004421049,-0.004030166
1011,-0.00053426984,-0.0014893495,-0.0008365187,0.0019469942,-9.146228e-05
1012,0.00315535,-0.0032997383,0.0034093305,0.0020307612,-0.004149332
1013,-0.0032877065,0.00011881503,-0.002057393,-0.0024753944,0.0010046101
1014,0.0076769963,-0.0056828894,0.005014741,0.004773702,-0.004745915
1015,0.0010614595,-0.0033740567,0.00064617716,0.0017487227,-3.5285186e-05
1016,0.0039862753,-0.0033280363,0.0021299173,0.0013342085,-0.0017684123
1017,-0.0007148451,-0.0014673491,-0.00037991712,0.00040887913,0.00030890264
1018,0.0032175726,-0.0031407364,0.0027420456,0.0017788559,-0.001728704
1019,0.003932047,-0.0039330823,0.0032571845,0.003050878,-0.002334373
1020,0.004777946,-0.0041608876,0.0021851223,0.0032445407,-0.0016701585
1021,0.0037094245,-0.006014663,0.002426219,0.0038484805,-0.0018347969
1022,0.0056046913,-0.0041662403,0.003175492,0.0037880088,-0.0026066152
1023,0.003419885,-0.0031874697,0.002150139,0.002476403,-0.0022215887
1024,0.004140128,-0.002254797,0.0023275164,0.0029789694,-0.0018799391
1025,0.0014494022,-0.0035494135,0.0018145675,0.0012216157,-0.0019815336
1026,0.004070055,-0.004135109,0.0016548281,0.0033307539,-0.003118846
1027,-0.0012068095,-0.00013027577,-0.00024835064,-0.00045396254,-5.4599765e-05
1028,0.002318209,-0.0026357058,0.00282418,0.0030457182,-0.0014000981
1029,0.000106748616,5.1149545e-05,0.0003489454,-0.0011954337,0.00088325155
1030,-0.0030643132,0.00372175,-0.0017567727,-0.003095916,0.0021768368
1031,0.005307776,-0.005299269,0.0041868244,0.0047421604,-0.0021078074
1032,0.0030062858,-0.0039572623,0.0037155051,0.004611508,-0.000908507
1033,0.0069941333,-0.0047157146,0.0054987925,0.0045909546,-0.0027838321
1034,0.0049339565,-0.0008188559,0.003573959,0.0037779894,-0.0015262519
1035,0.0051805833,-0.0056049284,0.003859356,0.0042664516,-0.0034590159
1036,0.005313894,-0.0049566333,0.0035105369,0.0031252268,-0.0020838426
1037,0.0037974063,-0.0037460434,0.0008292295,0.0028001391,-0.0024911696
1038,0.0039275214,-0.0029655434,0.002409911,0.0019269779,-0.00174049
1039,0.0041127205,-0.004404286,0.0019730492,0.0036068787,-0.0025888383
1040,0.004504178,-0.0033017178,0.0036745246,0.004352694,-0.0029962165
1041,0.005306234,-0.00469098,0.00433375,0.003913077,-0.0036915436
1042,0.0051417965,-0.00400932,0.002229458,0.003210934,-0.002569847
1043,0.0029544928,-0.0024836292,0.002736025,0.0013336814,-0.0009897475
1044,0.0020902106,-0.001213502,0.0009108908,0.0027270562,-0.0017479995
1045,0.004302566,-0.004217466,0.0031830156,0.0031083564,-0.0035044535
1046,0.0011891181,-0.0023707957,-0.0007221433,-0.00094454375,8.738683e-05
1047,0.0053024725,-0.0029098445,0.004478252,0.0024830066,-0.0029701388
1048,0.0043233144,-0.0037674431,0.0026826093,0.0030640154,-0.001968722
1049,0.0037393037,-0.0030032403,0.002505565,0.0015581873,-0.0011591555
1050,0.0047447733,-0.0036747647,0.0023830114,0.0020476722,-0.003360966
1051,-0.0039199335,0.0036288837,-0.0031892848,-0.0014284889,0.001572737
1052,0.0036853054,-0.003073145,0.0021535507,0.0023357028,-0.0019192256
1053,0.0038825148,-0.0026889706,0.002516574,0.0019785964,-0.002312143
1054,0.0038401247,-0.002305924,0.0023283178,0.0020450575,-0.0019199755
1055,0.0036376587,-0.0027349782,0.0021325997,0.0010303266,-0.0005122484
1056,3.8184968e-05,7.352588e-05,-7.2370036e-05,0.0004252362,-0.00022514799
1057,0.004383042,-0.0022649388,0.0035328064,0.0009910859,-0.0022679234
1058,0.00297228,-0.0024627717,0.001094906,0.002912555,-0.0019940818
1059,0.003151982,-0.0031706304,0.0019689202,0.0012858327,-0.0020341102
